"ストラテジ系","企業の存在意義や未来像、そして組織で働く人々が共有すべき価値観を評価し定義したものがある。この説明に適した用語を選べ","MVV","CSR","パーパス経営","SRI","1","0.0"
"テクノロジ系","CPUの主な役割はどれ？","記憶","演算・制御","通信","表示","2","-1.5"
"テクノロジ系","IPアドレスの説明として正しいものは？","インターネット上の住所","名前","パスワード","解像度","1","-1.0"
"テクノロジ系","公開鍵暗号方式で暗号化に使う鍵は？","共通鍵","秘密鍵","公開鍵","署名鍵","3","-0.5"
"ストラテジ系","OODAループの『状況判断（Orient）』にあたる事例として適切なものを選べ","前髪カットやカラーリングは低額×多頻度の方がニーズがあると推測した","サブスクモデルの新規客は若い層を中心に利用されている","固定客のお客様には前髪カットとカラーリングの割引をする","近所に前髪カットやカラーリングの専門店が開店した","1","1.5"
"ストラテジ系","既存顧客との安定的な関係を維持していくための手法として適切なものを選べ","リードジェネレーション","アクイジョン","リテンション","デジタルサイネージ","3","0.5"
"ストラテジ系","次の事例のうちマトリックス組織にあたるものとして適切なものはどれか","社員が従来の職能部門に所属しながら、プロジェクトチームの指示も受け、2人の上司を持つ状態で業務を進めている。","「営業部」「開発部」「人事部」のように職務内容ごとに専門部署を分け、各部署の部長からのみ指揮命令を受けて業務を進めている。","製品や地域ごとに独立した「事業部」を設け、その事業部の中で開発から営業・販売までの一連の業務を完結させている。","特定の緊急課題を解決するために、通常業務から完全に離れて専従する一時的なチームを結成し、課題解決後に元の部署へ復帰した。","1","0.0"
"ストラテジ系","思い込みや経験などに基づき、合理的な判断ができなくなる心理現象として適切なものを選べ","選択バイアス","認知バイアス","情報バイアス","交絡","2","0.0"
"ストラテジ系","ブレーンライティングの説明として適切なものはどれか","テーマを設け、制限時間内にアイデアを出し合う","テーマを設け、制限時間内に用紙へアイデアを書き、時間経過後に次の人へ回し合ってアイデアを深める","テーマに関する意見などを書き出してもらい、それらをグループ化する","3×3の9マスの中心にテーマを書き、周囲のマスに連想するアイデアを埋めて思考を広げる","2","0.0"
"ストラテジ系","ある企業が新しいWeb広告施策に 400万円 を投資した。この施策によって 1,000万円 の売上が得られ、その売上に対する売上原価および諸費用は 400万円 であった。この広告施策のROI（投資利益率）として最も適切なものはどれか。","25%","250%","150%","50%","4","1.0"
"ストラテジ系","サービスマークにあたるものとして適切なものを選べ","自社のサービスを他社のサービスと区別するために使用する商標","自社の商品やサービスを他社のそれと区別するために使用するマーク","自社の商品・サービスを示す商標","対象となる名称やロゴが商標登録されていることを示すマーク","1","0.0"
"ストラテジ系","個人情報保護委員会の行っている業務の説明として適切なものを選べ","特定個人情報の取扱いに関する監視・監督","事業者による不当な表示や過大な景品類を規制し、消費者取引の公正化を図る","サイバー攻撃や不正アクセス行為に関する技術的な捜査および容疑者の検挙を行う","電気通信事業者に対する事業の免許交付や電波の割り当て等の管理を行う","1","0.0"
"ストラテジ系","個人情報から氏名などの識別可能な記述を削除・置換し、特定の個人を識別できず、かつ元の情報を復元できない状態に加工することとして適切なものを選べ","暗号化","仮名化","匿名化","マスキング","3","0.0"
"ストラテジ系","裁量労働制の説明として適切なものを選べ","実際の労働時間にかかわらず、あらかじめ定めた労働時間分を働いたものと見なし、賃金を支払う制度","年収要件等を満たす高度専門職を対象に、休日確保等を条件として労働時間規制等を適用外とする制度","３か月以内の一定期間における総労働時間をあらかじめ定めておき、労働者はその枠内で各日の始業及び終業の時刻を自主的に決定し働く制度","指揮が及ばず時間算定が困難な事業場外労働を、所定労働時間または通常必要時間働いたとみなす制度","1","0.5"
"ストラテジ系","ある企業が外部の事業者にプログラム開発を委託する際、発注内容、下請代金の額、支払期日などを記載した書面（または電磁的記録）を直ちに交付することを義務付けている法律として、最も適切なものはどれか。","特定商取引法","中小受託取引適正化法","不正競争防止法","個人情報保護法","2","1.0"
"ストラテジ系","SNSに写真を投稿する際、ネチケットの観点から最も不適切な行動はどれですか。","公園で自分ひとりが写っている写真を投稿する","自作した作品の写真を投稿する","旅行先の風景写真を投稿する","自宅付近のマンホールの写真を投稿する","4","-1.5"
"ストラテジ系","ウェブサイトやソーシャルメディアにおいて発言・拡散される、真実とは異なる偽の情報やニュースとして最も適切なものを選べ。","フェイクニュース","ディープフェイク","ファクトチェック","フィルターバブル","1","-1.5"
"ストラテジ系","JIS Q 31000として適切なものを選べ","ITガバナンス","リスクマネジメント","環境マネジメントシステム","情報セキュリティマネジメントシステム","2","1.5"
"ストラテジ系","3C分析の説明として、最も適切なものを1つ選べ。","市場環境、競合環境、自社環境の3つを軸に、自社の置かれている状況の分析を行う手法","最終購入日、購入頻度、購入金額の3つの指標を用いて、顧客をグループ分けする分析手法","売上高や貢献度に応じて顧客をグループ分けし、分析する手法","カテゴリ、テイスト、ブランドの3指標で顧客をグループ化、分類する分析手法","1","-0.5"
"ストラテジ系","他社の製品、サービス、技術を活用することで、より効率良く、短期間で新製品やサービスを開発できる仕組みとして、適切なものを選べ","コアコンピタンス","エコシステム","アウトソーシング","ベンチマーキング","2","0.0"
"ストラテジ系","（令和4年問34）
あるオンラインサービスでは、新たに作成したデザインと従来のデザインのWebサイトを実験的に並行稼働し、どちらのWebサイトの利用者がより有料サービスの申込みに至りやすいかを比較、検証した。このとき用いた手法として、最も適切なものはどれか。","ABC分析","A/Bテスト","クラスタ分析","リグレッションテスト","2","0.0"
"ストラテジ系","バリューエンジニアリングにおける価値の求め方として最も適切なものを1つ選べ","価値＝機能➗コスト","価値＝機能 × コスト","価値＝機能 − コスト","価値＝コスト➗機能","1","0.5"
"ストラテジ系","企業が持つ基幹業務に関するデータを効率良く管理するためのソフトウェアパッケージとして最も適切なものを選べ","SCMパッケージ","SFAパッケージ","CRMパッケージ","ERPパッケージ","4","0.0"
"ストラテジ系","新技術や新商品の市場普及に関する「イノベータ理論」におけるキャズムの説明として、最も適切なものを一つ選べ。","イノベーターとアーリーアダプターの間に存在する壁","アーリーマジョリティとレイトマジョリティの間に存在する壁","アーリーアダプターとアーリーマジョリティの間に存在する壁","レイトマジョリティとラガードの間に存在する壁","3","1.5"
"ストラテジ系","APIエコノミーを活用することによって得られるものとして適切なものを選べ","他社システムへの依存度を低減させることができる","導入後にAPIが停止しても使い続けられる","開発が短期間で済む","ユーザのニーズに応えることはできない","3","0.5"
"ストラテジ系","政府や地方自治体が、ICT（情報通信技術）を活用して行政手続きのオンライン化や業務効率化を進め、国民の利便性を高めた行政サービスを実現する取り組みを表す用語として、最も適切なものを一つ選べ。","デジタルガバメント","デジタルディバイド","コーポレートガバナンス","ガバナンスコード","1","0.0"
"ストラテジ系","書籍、雑誌、チラシなどの印刷物のレイアウト設計や文字・画像の編集をパソコン上で行い、印刷用の版下データを作成する一連の作業を表す用語として、最も適切なものを一つ選べ。","CAD","CG","DAW","DTP","4","0.0"
"ストラテジ系","人工知能を用いて作られた偽の画像、動画などを指す言葉として、最も適切なものを1つ選べ","ディープフェイク","ニューラルネットワーク","ディープラーニング","認知バイアス","1","-2.0"
"ストラテジ系","工場内の生産設備や作業員にIoT機器や各種センサーを設置し、稼働データを一元的に収集・分析・活用することで、生産性の向上や品質管理、業務の最適化を図る「スマートファクトリー」の説明として、最も適切なものを一つ選べ。","工場内のすべての作業を熟練作業員の勘と経験のみに依存させる製造形態","物理的な設備を持たず、すべての製造工程を海外の外部企業に完全委託するビジネスモデル","IoTやAIなどのデジタル技術を活用し、製造工程の可視化や自動化、データの利活用を推進する工場","工場内で発生する不要な廃棄物をすべてゼロにする環境保護のみを目的とした設備","3","-0.5"
"ストラテジ系","与信管理として行うべきことを全て挙げたものの組み合わせとして適切なものはどれか

a. 大手企業は社会的信用があるので調査を行わない
b. 取引先の信用力や取引内容を定期的にチェックする
c. 営業現場からの情報を、取引先の評価のために使用する",a.b.c,a.b,b.c,b,3,0.0
"ストラテジ系","EDIを導入することによって得られるメリットとして、適切なもののみを全て挙げた組み合わせはどれか

a, 転記ミスや紛失のリスクが減る
b, 受注業務の効率化
c, 通信が暗号化される",a,b,c,c,b,c,a,b,4,0.5